<?xml version="1.0" encoding="UTF-8" standalone="yes"?>
<document
       schema = 'ALCATEL:CEDB_ALCATEL17'
       user       = 'PREPA2'
       major_ver = '1'
       minor_ver = '90'
       fix_ver = '34'
>
<interfacelist INTERFACE="CORE">
	<CORE NAME="CC91291"
	 FAMILY="Low CTE HTG"
	 GENERIC_NAME="CC91291"
	 MRP_NAME="CC91291"
	 MRP_REVISION="1"
	 MRP_REV_DESCRIPTION="1.6mm 35/35Microns 524/604mm"
	 OBSOLETE="false"
	 SHEET_SIZE_X="20629.92126"
	 SHEET_SIZE_Y="23779.52756"
	 TYPE="Core"
	 UNIT_TYPE="Quantity"
	 VENDOR="Unknown"
	 BOT_FOIL_CU_WEIGHT="28.3495"
	 BOT_FOIL_THICKNESS="1.377952756"
	 BOT_FOIL_THICKNESS_TOL_MINUS="0.01377952756"
	 BOT_FOIL_THICKNESS_TOL_PLUS="0.01377952756"
	 LAMINATE_PERMITTIVITY="4.6"
	 LAMINATE_THICKNESS="62.99212598"
	 LAMINATE_THICKNESS_TOL_MINUS="6.299212598"
	 LAMINATE_THICKNESS_TOL_PLUS="6.299212598"
	 PREPREG_COUNT="0"
	 TOP_FOIL_CU_WEIGHT="28.3495"
	 TOP_FOIL_THICKNESS="1.377952756"
	 TOP_FOIL_THICKNESS_TOL_MINUS="0.01377952756"
	 TOP_FOIL_THICKNESS_TOL_PLUS="0.01377952756"
	>
	</CORE>
</interfacelist>
<interfacelist INTERFACE="SPEC">
	<SPEC NAME="ACTCOLE"
	 AUTO_ASSOCIATE="false"
	 DESCRIPTION=""
	 ENTITY_NAME=""
	 ENTITY_TYPE="Part"
	 OBSOLETE="false"
	 PRIORITY="1"
	 SUBTYPE="General"
	 TYPE="Customer"
	>
	<CRITERIA>
		<SPEC_CRITERIA NAME="c-1"
		 ATTRIBUTE_INTERFACE="DRILL_PROGRAM"
		 ATTRIBUTE_FIELD="COPPER_PLATING_THICKNESS"
		 CATEGORY="Fabrication"
		 COMPARISON_OPERATOR="greater than or equal to"
		 DESCRIPTION=""
		 EXPRESSION="mm(0.025)"
		 EXPRESSION2=""
		 INTERFACE_TYPE_NAME=""
		 PREMISE="CurrentDrillProgram.START_INDEX == 1 &amp;&amp; CurrentDrillProgram.END_INDEX == CurrentJob.NUM_LAYERS"
		 SEVERITY_LEVEL="Required"
		 SPEC_ORDERING_INDEX="1"
		 TYPE="Check"
		>
		</SPEC_CRITERIA>
		<SPEC_CRITERIA NAME="c-2"
		 ATTRIBUTE_INTERFACE="JOB"
		 ATTRIBUTE_FIELD="SM_TYPE_"
		 CATEGORY="Fabrication"
		 COMPARISON_OPERATOR="equal to"
		 DESCRIPTION=""
		 EXPRESSION="&quot;PROBIMER 77 HF&quot;"
		 EXPRESSION2=""
		 INTERFACE_TYPE_NAME=""
		 PREMISE=""
		 SEVERITY_LEVEL="Required"
		 SPEC_ORDERING_INDEX="2"
		 TYPE="Check"
		>
		</SPEC_CRITERIA>
	</CRITERIA>
	<NOTES>
		<SPEC_NOTE NAME="note-1"
		 CAM_CLASS="Generic"
		 NOTE_TYPE="Operation"
		 OPERATION_CLASS="VISUEL"
		 PREMISE=""
		 SPEC_ORDERING_INDEX="1"
		 TEXT="Visuel 100%"
		>
		</SPEC_NOTE>
		<SPEC_NOTE NAME="note-2"
		 CAM_CLASS="Generic"
		 NOTE_TYPE="Operation"
		 OPERATION_CLASS="AOI"
		 PREMISE=""
		 SPEC_ORDERING_INDEX="2"
		 TEXT="[B]Strapps Interdits"
		>
		</SPEC_NOTE>
		<SPEC_NOTE NAME="note-3"
		 CAM_CLASS="Generic"
		 NOTE_TYPE="Operation"
		 OPERATION_CLASS="TEST"
		 PREMISE=""
		 SPEC_ORDERING_INDEX="3"
		 TEXT="[B]Strapps Interdits"
		>
		</SPEC_NOTE>
		<SPEC_NOTE NAME="note-4"
		 CAM_CLASS="Generic"
		 NOTE_TYPE="Operation"
		 OPERATION_CLASS="TEST"
		 PREMISE="CurrentJob.Parts.LARGEUR_FORMAT_ !=&quot;&quot;"
		 SPEC_ORDERING_INDEX="4"
		 TEXT="Pas de livraison de planches avec CI non conformes"
		>
		</SPEC_NOTE>
	</NOTES>
	</SPEC>
</interfacelist>
<interfacelist INTERFACE="SITE">
	<SITE NAME="Alcatel"
	 CAM_SERVER_PORT="2012"
	 CURRENCY_SYMBOL=""
	 MRP_ORGANIZATION_CODE="100"
	 OBSOLETE="false"
	 SW_VERSION="0"
	 TCP_IP="139.54.37.105"
	>
	</SITE>
</interfacelist>
<interfacelist INTERFACE="SITE_MATERIAL">
	<SITE_MATERIAL 
	 PARENT_SITE_NAME="Alcatel"
	 AVAILABILITY_1="1"
	 AVAILABILITY_2="1"
	 AVAILABILITY_3="1"
	 COST="0"
	 ERP_CODE_NAME="CC91291"
	 GRADE_PREFERENCE="50"
	 MATERIAL_NAME="CC91291"
	 SITE_THICKNESS="N U L L"
	 SITE_THICKNESS_TOL_MINUS="N U L L"
	 SITE_THICKNESS_TOL_PLUS="N U L L"
	 SW_VERSION="0"
	>
	</SITE_MATERIAL>
</interfacelist>
<interfacelist INTERFACE="COST_CATEGORY">
	<COST_CATEGORY NAME="Consumables"
	 PARENT_SITE_NAME="Alcatel"
	 COST_TEMPLATE="Cost based"
	 OBSOLETE="false"
	 SW_VERSION="0"
	>
	<CATEGORY_CONTENT>
	</CATEGORY_CONTENT>
	</COST_CATEGORY>
	<COST_CATEGORY NAME="Labor"
	 PARENT_SITE_NAME="Alcatel"
	 COST_TEMPLATE="Time based"
	 OBSOLETE="false"
	 SW_VERSION="0"
	>
	<CATEGORY_CONTENT>
	</CATEGORY_CONTENT>
	</COST_CATEGORY>
	<COST_CATEGORY NAME="ST"
	 PARENT_SITE_NAME="Alcatel"
	 COST_TEMPLATE="Cost based"
	 OBSOLETE="false"
	 SW_VERSION="0"
	>
	<CATEGORY_CONTENT>
	</CATEGORY_CONTENT>
	</COST_CATEGORY>
</interfacelist>
<interfacelist INTERFACE="MRP_STEP">
	<MRP_STEP 	 DESCRIPTION="CONSTITUTION LOTS DF + ML"
	 INOUT_ENTITY="Panel-Panel"
	 OBSOLETE="false"
	 OPERATION_CODE="200"
	 PROCESSING_STAGE="New"
	 FLOW_NAME="(NO FLOW)"
	 SITE_NAME="Alcatel"
	 TIE_TO_MRP="true"
	 WORK_CENTER_CODE="Elvia Coutances"
	 YIELD_CALCULATION=""
	>
	<COST_BASED_CALCS>
	</COST_BASED_CALCS>
	<TIME_BASED_CALCS>
	</TIME_BASED_CALCS>
	</MRP_STEP>
	<MRP_STEP 	 DESCRIPTION="PERCAGE"
	 INOUT_ENTITY="Panel-Panel"
	 OBSOLETE="false"
	 OPERATION_CODE="210"
	 PROCESSING_STAGE="New"
	 FLOW_NAME="(NO FLOW)"
	 SITE_NAME="Alcatel"
	 TIE_TO_MRP="true"
	 WORK_CENTER_CODE="Elvia Coutances"
	 YIELD_CALCULATION=""
	>
	<COST_BASED_CALCS>
		<MRP_STEP_COST_BASED_CALCULATION 
		 BATCH_COST=""
		 BATCH_SIZE=""
		 CATEGORY_SITE="Alcatel"
		 CATEGORY_NAME="Consumables"
		 OVERHEAD_COST=""
		 SW_VERSION="0"
		 UNIT_COST="Var:Costing:PanelAreaSqdm * Const:ConsumableCost:Drill / Var:Costing:DrillStack"
		>
		</MRP_STEP_COST_BASED_CALCULATION>
	</COST_BASED_CALCS>
	<TIME_BASED_CALCS>
		<MRP_STEP_TIME_BASED_CALCULATION 
		 BATCH_SIZE="Var:Costing:DrillStack*4"
		 BATCH_TIME="Var:Costing:DrillBatchTime"
		 CATEGORY_SITE="Alcatel"
		 CATEGORY_NAME="Labor"
		 OVERHEAD_TIME=""
		 SW_VERSION="0"
		 TIME_COST="Const:LaborRate:Drill"
		 UNIT_TIME=""
		>
		</MRP_STEP_TIME_BASED_CALCULATION>
	</TIME_BASED_CALCS>
	</MRP_STEP>
	<MRP_STEP 	 DESCRIPTION="METALLISATION"
	 INOUT_ENTITY="Panel-Panel"
	 OBSOLETE="false"
	 OPERATION_CODE="300"
	 PROCESSING_STAGE="New"
	 FLOW_NAME="(NO FLOW)"
	 SITE_NAME="Alcatel"
	 TIE_TO_MRP="true"
	 WORK_CENTER_CODE="Elvia Coutances"
	 YIELD_CALCULATION=""
	>
	<COST_BASED_CALCS>
	</COST_BASED_CALCS>
	<TIME_BASED_CALCS>
		<MRP_STEP_TIME_BASED_CALCULATION 
		 BATCH_SIZE=""
		 BATCH_TIME=""
		 CATEGORY_SITE="Alcatel"
		 CATEGORY_NAME="Labor"
		 OVERHEAD_TIME="time(&quot;00:05:00.000&quot;) * (1 +Var:Costing:MetallizationCoeff1+Var:Costing:MetallizationCoeff2+Var:Costing:MetallizationCoeff3+Var:Costing:MetallizationCoeff4)"
		 SW_VERSION="0"
		 TIME_COST="Const:LaborRate:Metallization"
		 UNIT_TIME="time(&quot;00:00:22.000&quot;) * (1 +Var:Costing:MetallizationCoeff1+Var:Costing:MetallizationCoeff2+Var:Costing:MetallizationCoeff3+Var:Costing:MetallizationCoeff4)"
		>
		</MRP_STEP_TIME_BASED_CALCULATION>
	</TIME_BASED_CALCS>
	</MRP_STEP>
	<MRP_STEP 	 DESCRIPTION="TRANSFERT IMAGE"
	 INOUT_ENTITY="Panel-Panel"
	 OBSOLETE="false"
	 OPERATION_CODE="320"
	 PROCESSING_STAGE="New"
	 FLOW_NAME="(NO FLOW)"
	 SITE_NAME="Alcatel"
	 TIE_TO_MRP="true"
	 WORK_CENTER_CODE="Elvia Coutances"
	 YIELD_CALCULATION=""
	>
	<COST_BASED_CALCS>
		<MRP_STEP_COST_BASED_CALCULATION 
		 BATCH_COST=""
		 BATCH_SIZE=""
		 CATEGORY_SITE="Alcatel"
		 CATEGORY_NAME="Consumables"
		 OVERHEAD_COST=""
		 SW_VERSION="0"
		 UNIT_COST="Var:Costing:PanelAreaSqdm * Const:ConsumableCost:Metallization"
		>
		</MRP_STEP_COST_BASED_CALCULATION>
	</COST_BASED_CALCS>
	<TIME_BASED_CALCS>
	</TIME_BASED_CALCS>
	</MRP_STEP>
	<MRP_STEP 	 DESCRIPTION="RECHARGE GALVANIQUE"
	 INOUT_ENTITY="Panel-Panel"
	 OBSOLETE="false"
	 OPERATION_CODE="350"
	 PROCESSING_STAGE="New"
	 FLOW_NAME="(NO FLOW)"
	 SITE_NAME="Alcatel"
	 TIE_TO_MRP="true"
	 WORK_CENTER_CODE="Elvia Coutances"
	 YIELD_CALCULATION=""
	>
	<COST_BASED_CALCS>
	</COST_BASED_CALCS>
	<TIME_BASED_CALCS>
	</TIME_BASED_CALCS>
	</MRP_STEP>
	<MRP_STEP 	 DESCRIPTION="STRIPPING GRAVURE"
	 INOUT_ENTITY="Panel-Panel"
	 OBSOLETE="false"
	 OPERATION_CODE="410"
	 PROCESSING_STAGE="New"
	 FLOW_NAME="(NO FLOW)"
	 SITE_NAME="Alcatel"
	 TIE_TO_MRP="true"
	 WORK_CENTER_CODE="Elvia Coutances"
	 YIELD_CALCULATION=""
	>
	<COST_BASED_CALCS>
	</COST_BASED_CALCS>
	<TIME_BASED_CALCS>
	</TIME_BASED_CALCS>
	</MRP_STEP>
	<MRP_STEP 	 DESCRIPTION="STRIPPING SNPB"
	 INOUT_ENTITY="Panel-Panel"
	 OBSOLETE="false"
	 OPERATION_CODE="450"
	 PROCESSING_STAGE="New"
	 FLOW_NAME="(NO FLOW)"
	 SITE_NAME="Alcatel"
	 TIE_TO_MRP="true"
	 WORK_CENTER_CODE="Elvia Coutances"
	 YIELD_CALCULATION=""
	>
	<COST_BASED_CALCS>
	</COST_BASED_CALCS>
	<TIME_BASED_CALCS>
	</TIME_BASED_CALCS>
	</MRP_STEP>
	<MRP_STEP 	 DESCRIPTION="ENDUCTION VERNIS EPARGNE"
	 INOUT_ENTITY="Panel-Panel"
	 OBSOLETE="false"
	 OPERATION_CODE="530"
	 PROCESSING_STAGE="New"
	 FLOW_NAME="(NO FLOW)"
	 SITE_NAME="Alcatel"
	 TIE_TO_MRP="true"
	 WORK_CENTER_CODE="Elvia Coutances"
	 YIELD_CALCULATION=""
	>
	<COST_BASED_CALCS>
		<MRP_STEP_COST_BASED_CALCULATION 
		 BATCH_COST=""
		 BATCH_SIZE=""
		 CATEGORY_SITE="Alcatel"
		 CATEGORY_NAME="Consumables"
		 OVERHEAD_COST=""
		 SW_VERSION="0"
		 UNIT_COST="Var:Costing:PanelAreaSqdm * Const:ConsumableCost:Soldermask*2"
		>
		</MRP_STEP_COST_BASED_CALCULATION>
	</COST_BASED_CALCS>
	<TIME_BASED_CALCS>
		<MRP_STEP_TIME_BASED_CALCULATION 
		 BATCH_SIZE=""
		 BATCH_TIME=""
		 CATEGORY_SITE="Alcatel"
		 CATEGORY_NAME="Labor"
		 OVERHEAD_TIME="time(&quot;00:05:00.000&quot;)"
		 SW_VERSION="0"
		 TIME_COST="Const:LaborRate:Soldermask"
		 UNIT_TIME="time(&quot;00:00:28.000&quot;)"
		>
		</MRP_STEP_TIME_BASED_CALCULATION>
	</TIME_BASED_CALCS>
	</MRP_STEP>
	<MRP_STEP 	 DESCRIPTION="INSOLATION DEVELOPPEMENT"
	 INOUT_ENTITY="Panel-Panel"
	 OBSOLETE="false"
	 OPERATION_CODE="580"
	 PROCESSING_STAGE="New"
	 FLOW_NAME="(NO FLOW)"
	 SITE_NAME="Alcatel"
	 TIE_TO_MRP="true"
	 WORK_CENTER_CODE="Elvia Coutances"
	 YIELD_CALCULATION=""
	>
	<COST_BASED_CALCS>
	</COST_BASED_CALCS>
	<TIME_BASED_CALCS>
	</TIME_BASED_CALCS>
	</MRP_STEP>
	<MRP_STEP 	 DESCRIPTION="ETAMAGE SANS PLOMB"
	 INOUT_ENTITY="Panel-Panel"
	 OBSOLETE="false"
	 OPERATION_CODE="703"
	 PROCESSING_STAGE="New"
	 FLOW_NAME="(NO FLOW)"
	 SITE_NAME="Alcatel"
	 TIE_TO_MRP="true"
	 WORK_CENTER_CODE="Elvia Coutances"
	 YIELD_CALCULATION=""
	>
	<COST_BASED_CALCS>
		<MRP_STEP_COST_BASED_CALCULATION 
		 BATCH_COST=""
		 BATCH_SIZE=""
		 CATEGORY_SITE="Alcatel"
		 CATEGORY_NAME="Consumables"
		 OVERHEAD_COST=""
		 SW_VERSION="0"
		 UNIT_COST="Var:Costing:PanelAreaSqdm * Var:Costing:MetalFinishCost"
		>
		</MRP_STEP_COST_BASED_CALCULATION>
	</COST_BASED_CALCS>
	<TIME_BASED_CALCS>
	</TIME_BASED_CALCS>
	</MRP_STEP>
	<MRP_STEP 	 DESCRIPTION="RAINURAGE"
	 INOUT_ENTITY="Panel-Panel"
	 OBSOLETE="false"
	 OPERATION_CODE="800"
	 PROCESSING_STAGE="New"
	 FLOW_NAME="(NO FLOW)"
	 SITE_NAME="Alcatel"
	 TIE_TO_MRP="true"
	 WORK_CENTER_CODE="Elvia Coutances"
	 YIELD_CALCULATION=""
	>
	<COST_BASED_CALCS>
	</COST_BASED_CALCS>
	<TIME_BASED_CALCS>
		<MRP_STEP_TIME_BASED_CALCULATION 
		 BATCH_SIZE=""
		 BATCH_TIME=""
		 CATEGORY_SITE="Alcatel"
		 CATEGORY_NAME="Labor"
		 OVERHEAD_TIME="time(&quot;00:05:00.000&quot;)"
		 SW_VERSION="0"
		 TIME_COST="Const:LaborRate:Routing"
		 UNIT_TIME="Var:Costing:ScoringLength/Const:Rout:Speed"
		>
		</MRP_STEP_TIME_BASED_CALCULATION>
	</TIME_BASED_CALCS>
	</MRP_STEP>
	<MRP_STEP 	 DESCRIPTION="DETOURAGE"
	 INOUT_ENTITY="Panel-Part"
	 OBSOLETE="false"
	 OPERATION_CODE="810"
	 PROCESSING_STAGE="New"
	 FLOW_NAME="(NO FLOW)"
	 SITE_NAME="Alcatel"
	 TIE_TO_MRP="true"
	 WORK_CENTER_CODE="Elvia Coutances"
	 YIELD_CALCULATION=""
	>
	<COST_BASED_CALCS>
	</COST_BASED_CALCS>
	<TIME_BASED_CALCS>
		<MRP_STEP_TIME_BASED_CALCULATION 
		 BATCH_SIZE="Const:Rout:NumHeads*Var:Costing:RoutStack"
		 BATCH_TIME="Var:Costing:RoutBatchTime"
		 CATEGORY_SITE="Alcatel"
		 CATEGORY_NAME="Labor"
		 OVERHEAD_TIME="time(&quot;00:05:00.000&quot;)"
		 SW_VERSION="0"
		 TIME_COST="Const:LaborRate:Routing"
		 UNIT_TIME=""
		>
		</MRP_STEP_TIME_BASED_CALCULATION>
	</TIME_BASED_CALCS>
	</MRP_STEP>
	<MRP_STEP 	 DESCRIPTION="CONTROLE FINAL"
	 INOUT_ENTITY="Part-Part"
	 OBSOLETE="false"
	 OPERATION_CODE="850"
	 PROCESSING_STAGE="New"
	 FLOW_NAME="(NO FLOW)"
	 SITE_NAME="Alcatel"
	 TIE_TO_MRP="true"
	 WORK_CENTER_CODE="Elvia Coutances"
	 YIELD_CALCULATION=""
	>
	<COST_BASED_CALCS>
	</COST_BASED_CALCS>
	<TIME_BASED_CALCS>
		<MRP_STEP_TIME_BASED_CALCULATION 
		 BATCH_SIZE=""
		 BATCH_TIME=""
		 CATEGORY_SITE="Alcatel"
		 CATEGORY_NAME="Labor"
		 OVERHEAD_TIME="time(&quot;00:15:00.000&quot;) * (Var:Costing:FinalControlCoeff)"
		 SW_VERSION="0"
		 TIME_COST="Const:LaborRate:FinalTesting"
		 UNIT_TIME="(Var:Costing:CadenceBaseTestRate* (0.5 + (0.5 * (Var:Costing:PartArea * CurrentJob.NUM_LAYERS) / (Const:Average:BoardArea * Const:Average:NumLayers))))"
		>
		</MRP_STEP_TIME_BASED_CALCULATION>
	</TIME_BASED_CALCS>
	</MRP_STEP>
	<MRP_STEP 	 DESCRIPTION="EMBALLAGE PRIMAIRE"
	 INOUT_ENTITY="Part-Part"
	 OBSOLETE="false"
	 OPERATION_CODE="880"
	 PROCESSING_STAGE="New"
	 FLOW_NAME="(NO FLOW)"
	 SITE_NAME="Alcatel"
	 TIE_TO_MRP="true"
	 WORK_CENTER_CODE="Elvia Coutances"
	 YIELD_CALCULATION=""
	>
	<COST_BASED_CALCS>
	</COST_BASED_CALCS>
	<TIME_BASED_CALCS>
	</TIME_BASED_CALCS>
	</MRP_STEP>
	<MRP_STEP 	 DESCRIPTION="LAVAGE"
	 INOUT_ENTITY="Part-Part"
	 OBSOLETE="false"
	 OPERATION_CODE="9028"
	 PROCESSING_STAGE="New"
	 FLOW_NAME="(NO FLOW)"
	 SITE_NAME="Alcatel"
	 TIE_TO_MRP="true"
	 WORK_CENTER_CODE="Elvia Coutances"
	 YIELD_CALCULATION=""
	>
	<COST_BASED_CALCS>
	</COST_BASED_CALCS>
	<TIME_BASED_CALCS>
	</TIME_BASED_CALCS>
	</MRP_STEP>
	<MRP_STEP 	 DESCRIPTION="TEST ELECTRIQUE"
	 INOUT_ENTITY="Part-Part"
	 OBSOLETE="false"
	 OPERATION_CODE="9029"
	 PROCESSING_STAGE="New"
	 FLOW_NAME="(NO FLOW)"
	 SITE_NAME="Alcatel"
	 TIE_TO_MRP="true"
	 WORK_CENTER_CODE="Elvia Coutances"
	 YIELD_CALCULATION=""
	>
	<COST_BASED_CALCS>
	</COST_BASED_CALCS>
	<TIME_BASED_CALCS>
	</TIME_BASED_CALCS>
	</MRP_STEP>
	<MRP_STEP 	 DESCRIPTION="CONTROLE CLIENT"
	 INOUT_ENTITY="Part-Part"
	 OBSOLETE="false"
	 OPERATION_CODE="9030"
	 PROCESSING_STAGE="New"
	 FLOW_NAME="(NO FLOW)"
	 SITE_NAME="Alcatel"
	 TIE_TO_MRP="true"
	 WORK_CENTER_CODE="Elvia Coutances"
	 YIELD_CALCULATION=""
	>
	<COST_BASED_CALCS>
	</COST_BASED_CALCS>
	<TIME_BASED_CALCS>
	</TIME_BASED_CALCS>
	</MRP_STEP>
</interfacelist>
<interfacelist INTERFACE="CUSTOMER">
	<CUSTOMER NAME="ACTIA COLOMIERS"
	 CODE="ACTCOLE"
	 OBSOLETE="false"
	 SW_VERSION="0"
	>
	<SPECS>
	</SPECS>
	</CUSTOMER>
</interfacelist>
<interfacelist INTERFACE="JOB">
	<JOB NAME="21149038"
	 AOI_EXTERNE_="false"
	 APPAIRAGE_="false"
	 ASSIGNED_OPERATOR="(NO OPERATOR)"
	 A_FORMAT_FINITION_="Panneau"
	 A_SBU_="false"
	 BLIND_VIA_="false"
	 BOARD_TYPE="Prototype"
	 BURIED_VIA_="false"
	 CHANFREINAGE_="Aucun"
	 CHANFRIENAGE_ANGLE_="0"
	 CLASSE_EXT_="5"
	 CLASSE_INT_="0"
	 CLIENT_FINAL_="ACTCOLE"
	 COLLAGE_SEMELLE_="false"
	 CONNECTEUR_OR_="Non"
	 CONTROL_DIMENSIONNEL_="Prélèvement Renforcé"
	 CONTROL_ELECTRIQUE_="Prélèvement Renforcé"
	 CONTROL_LABO_="Prélèvement Renforcé"
	 CONTROL_VISUEL_="Prélèvement Renforcé"
	 CUSTOMER_NAME="ACTIA COLOMIERS"
	 DOUBLE_SOLDERMASK_="None"
	 EB_SIZE_X_="20629.9213"
	 EB_SIZE_Y_="23779.5276"
	 EMBALLAGE_SOUS_VIDE_="false"
	 END_CUSTOMER_NAME="ACTIA COLOMIERS"
	 EPAISSEUR_VE_="0"
	 EP_AU_="0"
	 EP_AU_ELECTRO_="0"
	 EP_DEPOT_="0"
	 EP_NI_="0"
	 FACE_TAMPO_="FE"
	 FINITION_="Sélective"
	 FINITION_METAL_="HAL sans Plomb"
	 FORMAT_EBAUCHE_="21"
	 FORMAT_FLAN_="DF"
	 GESTIONNAIRE_="Ghislaine MONEHAIE"
	 GRAPH_SENT_TO_MRP="0"
	 HOMOLOGATION_="UL T2"
	 IS_SPECIAL_JOB_="false"
	 IS_SPECIAL_JOB_STRING_=""
	 JOB_SPECIFICATION_="NONE"
	 JOB_SUBTYPE="0"
	 JOB_TECHNOLOGY_="Standard"
	 JOB_TYPE="Standard"
	 LEAD_TIME="0"
	 LEGEND_SIDES_="None"
	 LINKED_JOB_NAME="(NO JOB)"
	 MARQUAGE_PHOTO_IMAGEABLE_="false"
	 MASS_LAM_="false"
	 MASS_LAM_CODE_=""
	 MATIERE_HITACHI679F_="false"
	 METALLISATION_DEPOT_="5"
	 MICRO_VIA_="false"
	 MRP_NAME=""
	 MRP_REVISION=""
	 MRP_REV_DESCRIPTION=""
	 NO_7628_PREPREGS_="0"
	 NUM_ARRAYS="7"
	 NUM_COMP_LAYERS="0"
	 NUM_DRL_LAYERS="1"
	 NUM_LAYERS="2"
	 NUM_PARTS="1"
	 NUM_PCBS="70"
	 NUM_ROUT_LAYERS="1"
	 ODB_JOB_NAME="21149038"
	 ODB_PNL_STEP_NAME="panneau"
	 ODB_SITE="Alcatel"
	 ODB_SYNC_SCHEME="Standard"
	 PLAN_DETOURAGE_="21149038"
	 PLAN_EBAUCHE_="21Y99"
	 PNL_SIZE_X="20629.92126"
	 PNL_SIZE_Y="23779.52756"
	 RAINURAGE_EB_="Avant Détourage"
	 SECTEUR_COMM_="France"
	 SM_ON_PAD_="false"
	 SM_TYPE_="PROBIMER 77 HF"
	 SOLDERMASK_="Both"
	 STACK_LAM_="false"
	 TIP_TOP_="false"
	 TOTAL_COST="N U L L"
	 VIA_PLUG_="Aucun"
	 Z_7628_="false"
	 Z_COUNTER_="0"
	 Z_DRILL_FROM_TOP_="false"
	 Z_FLEX_="false"
	 Z_LAYER_IN_DRILL_PROG_="false"
	 Z_MATIERE_CYANATE_="false"
	 Z_MATIERE_EM827_="false"
	 Z_MATIERE_FR408_="false"
	 Z_MATIERE_FR4_LEAD_FREE_="false"
	 Z_MATIERE_FR4_TG170_="false"
	 Z_MATIERE_FR4_TG180_="false"
	 Z_MATIERE_HALOGEN_FREE_="false"
	 Z_MATIERE_HF_HAUT_DEBIT_="false"
	 Z_MATIERE_IS420_="false"
	 Z_MATIERE_LOW_CTE_="false"
	 Z_MATIERE_LOW_CTE_HTG_="true"
	 Z_MATIERE_PCL370HR_="false"
	 Z_MATIERE_POLYIMIDE_="false"
	 Z_MATIERE_RCC_="false"
	 Z_MATIERE_RESINE_BT_="false"
	 Z_MATIERE_ROGERS_="false"
	 Z_MATIERE_TACONIC_="false"
	 Z_RIGID_="false"
	 Z_SOFT_TOOLING_="false"
	 Z_TRAIT_VE_MINI_="15.748"
	 MAIN_PROCESS="main process"
	>
	<STACKUP>
		<STACKUP NAME="Stackup"
		 BUILDUP_TYPE="Core"
		 CUSTOMER_THICKNESS="0"
		 CUSTOMER_THICKNESS_TOL_MINUS="0"
		 CUSTOMER_THICKNESS_TOL_PLUS="0"
		 HAS_RCF="false"
		 IL_COPPER="0"
		 IMAGE="N U L L"
		 MATERIAL_FAMILY="Low CTE HTG"
		 MAX_PREPREG="4"
		 MIN_PREPREG="2"
		 MIN_PREPREG_PER_CORE="1"
		 NUM_IMPEDANCE_CONSTRAINTS="0"
		 OL_COPPER="0"
		 REQUIRED_MATERIAL_FAMILY="Low CTE HTG"
		 REQUIRED_SYMMETRY_TYPE="Symmetrical"
		 REQUIRED_TG_MAX="0"
		 REQUIRED_TG_MIN="0"
		 REQUIRED_VENDOR="Unknown"
		 STACKUP_SOURCE="Manual"
		 STACKUP_THICKNESS="65.7480315"
		 STACKUP_THICKNESS_TOL_MINUS="6.299242741"
		 STACKUP_THICKNESS_TOL_PLUS="6.299242741"
		 STACKUP_TYPE="Rigid"
		 SYMMETRY_TYPE="Symmetrical"
		 TEMPLATE_NAME="(NO TEMPLATE)"
		 TG_MAX="0"
		 TG_MIN="0"
		 THICKNESS_CALC_METHOD="Over foil"
		 THICKNESS_CALC_SCHEMA="Formula"
		 TOL_CALC_SCHEMA="Root Sum of Squares"
		>
		<APPROVALS>
		</APPROVALS>
		<IMPEDANCE_CONSTRAINTS>
		</IMPEDANCE_CONSTRAINTS>
		<SHEET_SIZE_CONSTRAINTS>
		</SHEET_SIZE_CONSTRAINTS>
		<STACKUP_SEGS>
			<STACKUP_SEG NAME="segment 1"
			 COPPER_SIDES="Both"
			 OVERALL_THICKNESS="68.11023622"
			 OVERALL_THICKNESS_TOL_MINUS="6.299242741"
			 OVERALL_THICKNESS_TOL_PLUS="6.299242741"
			 PRESSED_THICKNESS="65.7480315"
			 PRESSED_THICKNESS_TOL_MINUS="6.299242741"
			 PRESSED_THICKNESS_TOL_PLUS="6.299242741"
			 REQUIRED_MATERIAL_FAMILY="Low CTE HTG"
			 REQUIRED_VENDOR="Unknown"
			 SEGMENT_TYPE="Core"
			 STACKUP_SEG_INDEX="1"
			 BOT_COPPER_LAYER="fs"
			 TOP_COPPER_LAYER="fe"
			>
			<APPROVALS>
			</APPROVALS>
			<BOTTOM_MASKS>
			</BOTTOM_MASKS>
			<SEGMENT_MATERIALS>
				<SEGMENT_MATERIAL 
				 AFTER_CUT_SHEET_SIZE_X="N U L L"
				 AFTER_CUT_SHEET_SIZE_Y="N U L L"
				 CONSTRAINT_SHEET_SIZE_X="N U L L"
				 CONSTRAINT_SHEET_SIZE_Y="N U L L"
				 FLIP_CORE="false"
				 MATERIAL_NAME="CC91291"
				 SEG_ORDERING_INDEX="1"
				 SW_VERSION="0"
				>
				</SEGMENT_MATERIAL>
			</SEGMENT_MATERIALS>
			<TOP_MASKS>
			</TOP_MASKS>
			</STACKUP_SEG>
		</STACKUP_SEGS>
		<THICKNESS_CONSTRAINTS>
			<THICKNESS_CONSTRAINT 
			 CALCULATED_THICKNESS="65.7480315"
			 CALCULATED_THICKNESS_TOL_MINUS="6.299242741"
			 CALCULATED_THICKNESS_TOL_PLUS="6.299242741"
			 FIRST_INDEX="-1"
			 LAST_INDEX="-1"
			 STACKUP_ORDERING_INDEX="1"
			 SW_VERSION="0"
			 TARGET_THICKNESS="62.99212598"
			 TARGET_THICKNESS_TOL_MINUS="6.299212598"
			 TARGET_THICKNESS_TOL_PLUS="6.299212598"
			 THICKNESS_CALC_METHOD="Over foil"
			 WHOLE_STACKUP="true"
			>
			</THICKNESS_CONSTRAINT>
		</THICKNESS_CONSTRAINTS>
		</STACKUP>
	</STACKUP>
	<ALL_PANELS>
	</ALL_PANELS>
	<ALL_PROCESSES>
		<PROCESS NAME="main process"
		 BLIND_VIA_="false"
		 BURIED_VIA_="false"
		 CHAINE_SNPB_="A Déterminer"
		 CLASSE_MAXI_="0"
		 CUIVRE_TECHNO_="Pattern"
		 DIRECT_IMAGING_="false"
		 EMPILAGE_=""
		 EP_="0"
		 EP_CIRCUITE_="0"
		 GAMME_MERE_="Standard (S5)"
		 GRAVURE_CORE_="false"
		 METHODE_CU_CARRIER_="false"
		 MICRO_VIA_="false"
		 MRP_NAME=""
		 MRP_REVISION=""
		 MRP_REV_DESCRIPTION=""
		 NB_COUCHES_="0"
		 NUMBER_OF_BOARDS="N U L L"
		 PROC_DESCRIPTION=""
		 PROC_ISMAIN="true"
		 PROC_SUBTYPE="Standard"
		 PROC_TYPE="Pre Fab"
		 PROG_DYNAPLUS_="A Déterminer"
		 PROG_DYNATRON_="A Déterminer"
		 PROG_STRATIF_=""
		 REGISTRATION_="Aucune"
		 SITE_NAME="Alcatel"
		 TECHNO_EMPILAGE_="Core"
		 YIELD="0"
		 YIELD_MODIFIED="false"
		>
		<APPROVALS>
		</APPROVALS>
		<CALCULATED_COST_ELEMENTS>
		</CALCULATED_COST_ELEMENTS>
		<CALCULATED_TIME_ELEMENTS>
		</CALCULATED_TIME_ELEMENTS>
		<COPPER_LAYERS>
		</COPPER_LAYERS>
		<DRILL_LAYERS>
		</DRILL_LAYERS>
		<MASK_LAYERS>
		</MASK_LAYERS>
		<PROCESSES>
			<REF
			 NAME="Final Assembly - 1/2"
			/>
			<REF
			 NAME="TEST"
			/>
		</PROCESSES>
		<ROUT_LAYERS>
		</ROUT_LAYERS>
		<STACKUP_SEGS>
		</STACKUP_SEGS>
		<TOOLS>
		</TOOLS>
		<RELEASE
		 RELEASE_STATUS="Not Released"
		>
		</RELEASE>
		</PROCESS>
		<PROCESS NAME="Final Assembly - 1/2"
		 BLIND_VIA_="false"
		 BURIED_VIA_="false"
		 CHAINE_SNPB_="Les Deux"
		 CLASSE_MAXI_="5"
		 CUIVRE_TECHNO_="Pattern"
		 DIRECT_IMAGING_="false"
		 EMPILAGE_="CC91291"
		 EP_="1.181102362"
		 EP_CIRCUITE_="68.1102"
		 GAMME_MERE_="Standard (S5)"
		 GRAVURE_CORE_="false"
		 METHODE_CU_CARRIER_="false"
		 MICRO_VIA_="false"
		 MRP_NAME=""
		 MRP_REVISION="1"
		 MRP_REV_DESCRIPTION=""
		 NB_COUCHES_="2"
		 NUMBER_OF_BOARDS="N U L L"
		 PROC_DESCRIPTION=""
		 PROC_ISMAIN="false"
		 PROC_SUBTYPE="Final Assembly"
		 PROC_TYPE="Manufacturing"
		 PROG_DYNAPLUS_="A Déterminer"
		 PROG_DYNATRON_="Prog No 3"
		 PROG_STRATIF_=""
		 REGISTRATION_="Aucune"
		 SITE_NAME="Alcatel"
		 TECHNO_EMPILAGE_="Foil"
		 YIELD="0"
		 YIELD_MODIFIED="false"
		>
		<APPROVALS>
		</APPROVALS>
		<CALCULATED_COST_ELEMENTS>
		</CALCULATED_COST_ELEMENTS>
		<CALCULATED_TIME_ELEMENTS>
		</CALCULATED_TIME_ELEMENTS>
		<COPPER_LAYERS>
			<REF
			 NAME="fe"
			/>
			<REF
			 NAME="fs"
			/>
		</COPPER_LAYERS>
		<DRILL_LAYERS>
			<REF
			 NAME="drillm"
			/>
		</DRILL_LAYERS>
		<MASK_LAYERS>
			<REF
			 NAME="ve"
			/>
			<REF
			 NAME="vs"
			/>
		</MASK_LAYERS>
		<PROCESSES>
		</PROCESSES>
		<ROUT_LAYERS>
			<REF
			 NAME="rout"
			/>
		</ROUT_LAYERS>
		<STACKUP_SEGS>
			<REF
			 NAME="segment 1"
			/>
		</STACKUP_SEGS>
		<TOOLS>
			<TRAVELER NAME="Final Assembly - 1/2-Traveler"
			 FLOW_NAME="(NO FLOW)"
			 CREATE_METHOD="By Default Flow"
			 MRP_NAME=""
			 MRP_REVISION=""
			 MRP_REV_DESCRIPTION=""
			 REF_PROG_EXISTANT_=""
			 TOOL_STEP_TYPE="Panel"
			 TOOL_TYPE="Traveler"
			 MANUALLY_EDITED="No"
			 SW_VERSION="0"
			>
			<APPROVALS>
			</APPROVALS>
			<CALCULATED_COST_ELEMENTS>
			</CALCULATED_COST_ELEMENTS>
			<CALCULATED_TIME_ELEMENTS>
			</CALCULATED_TIME_ELEMENTS>
			<COPPER_LAYERS>
			</COPPER_LAYERS>
			<DRILL_PROGRAMS>
			</DRILL_PROGRAMS>
			<MASK_LAYERS>
			</MASK_LAYERS>
			<ROUT_PROGRAMS>
			</ROUT_PROGRAMS>
			<SECTIONS>
				<TRAV_SECT 
				 DESCRIPTION=""
				 MRP_SITE_NAME="Alcatel"
				 MRP_WORK_CENTER="Elvia Coutances"
				 MRP_OPERATION="200"
				 NUMBER_OF_BOARDS="N U L L"
				 RUN_TIME="0"
				 SETUP_TIME="0"
				 SW_VERSION="0"
				 TRAVELER_ORDERING_INDEX="1"
				 TYPE="MRP Step"
				 YIELD="0"
				 YIELD_MODIFIED="false"
				>
				<CALCULATED_COST_ELEMENTS>
				</CALCULATED_COST_ELEMENTS>
				<CALCULATED_TIME_ELEMENTS>
				</CALCULATED_TIME_ELEMENTS>
				<NOTES>
					<NOTE_TRAV_SECT 
					 NOTE_STRING="Code Matière : CC91291"
					 SECTION_ORDERING_INDEX="1"
					 SW_VERSION="0"
					>
					</NOTE_TRAV_SECT>
					<NOTE_TRAV_SECT 
					 NOTE_STRING="Description Matière : 1.6mm 35/35Microns 524/604mm"
					 SECTION_ORDERING_INDEX="2"
					 SW_VERSION="0"
					>
					</NOTE_TRAV_SECT>
					<NOTE_TRAV_SECT 
					 NOTE_STRING="Epaisseur ébauche mesurée : _________________________"
					 SECTION_ORDERING_INDEX="3"
					 SW_VERSION="0"
					>
					</NOTE_TRAV_SECT>
					<NOTE_TRAV_SECT 
					 NOTE_STRING="Epaisseur cuivre mesurée : _________________________"
					 SECTION_ORDERING_INDEX="4"
					 SW_VERSION="0"
					>
					</NOTE_TRAV_SECT>
					<NOTE_TRAV_SECT 
					 NOTE_STRING="Famille de matière : Low CTE HTG"
					 SECTION_ORDERING_INDEX="5"
					 SW_VERSION="0"
					>
					</NOTE_TRAV_SECT>
					<NOTE_TRAV_SECT 
					 NOTE_STRING="No Lot Matière : _________________________"
					 SECTION_ORDERING_INDEX="6"
					 SW_VERSION="0"
					>
					</NOTE_TRAV_SECT>
					<NOTE_TRAV_SECT 
					 NOTE_STRING="Fournisseur : _________________________"
					 SECTION_ORDERING_INDEX="7"
					 SW_VERSION="0"
					>
					</NOTE_TRAV_SECT>
				</NOTES>
				<SECTION_ATTRIBUTES>
				</SECTION_ATTRIBUTES>
				</TRAV_SECT>
				<TRAV_SECT 
				 DESCRIPTION=""
				 MRP_SITE_NAME="Alcatel"
				 MRP_WORK_CENTER="Elvia Coutances"
				 MRP_OPERATION="210"
				 NUMBER_OF_BOARDS="N U L L"
				 RUN_TIME="18011"
				 SETUP_TIME="0"
				 SW_VERSION="0"
				 TRAVELER_ORDERING_INDEX="2"
				 TYPE="MRP Step"
				 YIELD="0"
				 YIELD_MODIFIED="false"
				>
				<CALCULATED_COST_ELEMENTS>
				</CALCULATED_COST_ELEMENTS>
				<CALCULATED_TIME_ELEMENTS>
				</CALCULATED_TIME_ELEMENTS>
				<NOTES>
					<NOTE_TRAV_SECT 
					 NOTE_STRING="Parc Auto ____  Posalux ____  Schmoll ____"
					 SECTION_ORDERING_INDEX="1"
					 SW_VERSION="0"
					>
					</NOTE_TRAV_SECT>
					<NOTE_TRAV_SECT 
					 NOTE_STRING="Eb / paquet = 1"
					 SECTION_ORDERING_INDEX="2"
					 SW_VERSION="0"
					>
					</NOTE_TRAV_SECT>
					<NOTE_TRAV_SECT 
					 NOTE_STRING="Temps de cycle = 2.14 H"
					 SECTION_ORDERING_INDEX="3"
					 SW_VERSION="0"
					>
					</NOTE_TRAV_SECT>
					<NOTE_TRAV_SECT 
					 NOTE_STRING="Programme de perçage : 21149038.PC0"
					 SECTION_ORDERING_INDEX="4"
					 SW_VERSION="0"
					>
					</NOTE_TRAV_SECT>
					<NOTE_TRAV_SECT 
					 NOTE_STRING="Programme paramètre : HTG3202.xxx"
					 SECTION_ORDERING_INDEX="5"
					 SW_VERSION="0"
					>
					</NOTE_TRAV_SECT>
				</NOTES>
				<SECTION_ATTRIBUTES>
				</SECTION_ATTRIBUTES>
				</TRAV_SECT>
				<TRAV_SECT 
				 DESCRIPTION=""
				 MRP_SITE_NAME="Alcatel"
				 MRP_WORK_CENTER="Elvia Coutances"
				 MRP_OPERATION="300"
				 NUMBER_OF_BOARDS="N U L L"
				 RUN_TIME="0"
				 SETUP_TIME="0"
				 SW_VERSION="0"
				 TRAVELER_ORDERING_INDEX="3"
				 TYPE="MRP Step"
				 YIELD="0"
				 YIELD_MODIFIED="false"
				>
				<CALCULATED_COST_ELEMENTS>
				</CALCULATED_COST_ELEMENTS>
				<CALCULATED_TIME_ELEMENTS>
				</CALCULATED_TIME_ELEMENTS>
				<NOTES>
					<NOTE_TRAV_SECT 
					 NOTE_STRING="UNIPLATE 2 (UNIPLATE 1 en Back Up)"
					 SECTION_ORDERING_INDEX="1"
					 SW_VERSION="0"
					>
					</NOTE_TRAV_SECT>
				</NOTES>
				<SECTION_ATTRIBUTES>
				</SECTION_ATTRIBUTES>
				</TRAV_SECT>
				<TRAV_SECT 
				 DESCRIPTION=""
				 MRP_SITE_NAME="Alcatel"
				 MRP_WORK_CENTER="Elvia Coutances"
				 MRP_OPERATION="320"
				 NUMBER_OF_BOARDS="N U L L"
				 RUN_TIME="0"
				 SETUP_TIME="0"
				 SW_VERSION="0"
				 TRAVELER_ORDERING_INDEX="4"
				 TYPE="MRP Step"
				 YIELD="0"
				 YIELD_MODIFIED="false"
				>
				<CALCULATED_COST_ELEMENTS>
				</CALCULATED_COST_ELEMENTS>
				<CALCULATED_TIME_ELEMENTS>
				</CALCULATED_TIME_ELEMENTS>
				<NOTES>
					<NOTE_TRAV_SECT 
					 NOTE_STRING="Film sec 50 µm"
					 SECTION_ORDERING_INDEX="1"
					 SW_VERSION="0"
					>
					</NOTE_TRAV_SECT>
					<NOTE_TRAV_SECT 
					 NOTE_STRING="Insolateur Automatech ( Insolateurs Manuel et Cirgraphics en Backup )"
					 SECTION_ORDERING_INDEX="2"
					 SW_VERSION="0"
					>
					</NOTE_TRAV_SECT>
					<NOTE_TRAV_SECT 
					 NOTE_STRING="Référence Film FE : 21149038.FE0"
					 SECTION_ORDERING_INDEX="3"
					 SW_VERSION="0"
					>
					</NOTE_TRAV_SECT>
					<NOTE_TRAV_SECT 
					 NOTE_STRING="Contrôle Film FE : PT 1447 ___________ Bino _________"
					 SECTION_ORDERING_INDEX="4"
					 SW_VERSION="0"
					>
					</NOTE_TRAV_SECT>
					<NOTE_TRAV_SECT 
					 NOTE_STRING="Référence Film FS : 21149038.FS0"
					 SECTION_ORDERING_INDEX="5"
					 SW_VERSION="0"
					>
					</NOTE_TRAV_SECT>
					<NOTE_TRAV_SECT 
					 NOTE_STRING="Contrôle Film FS : PT 1447 ___________ Bino _________"
					 SECTION_ORDERING_INDEX="6"
					 SW_VERSION="0"
					>
					</NOTE_TRAV_SECT>
				</NOTES>
				<SECTION_ATTRIBUTES>
				</SECTION_ATTRIBUTES>
				</TRAV_SECT>
				<TRAV_SECT 
				 DESCRIPTION=""
				 MRP_SITE_NAME="Alcatel"
				 MRP_WORK_CENTER="Elvia Coutances"
				 MRP_OPERATION="350"
				 NUMBER_OF_BOARDS="N U L L"
				 RUN_TIME="0"
				 SETUP_TIME="0"
				 SW_VERSION="0"
				 TRAVELER_ORDERING_INDEX="5"
				 TYPE="MRP Step"
				 YIELD="0"
				 YIELD_MODIFIED="false"
				>
				<CALCULATED_COST_ELEMENTS>
				</CALCULATED_COST_ELEMENTS>
				<CALCULATED_TIME_ELEMENTS>
				</CALCULATED_TIME_ELEMENTS>
				<NOTES>
					<NOTE_TRAV_SECT 
					 NOTE_STRING="Epaisseur moyenne exigée = 30 µm"
					 SECTION_ORDERING_INDEX="1"
					 SW_VERSION="0"
					>
					</NOTE_TRAV_SECT>
				</NOTES>
				<SECTION_ATTRIBUTES>
					<ATTR_TRAV_SECT 
					 DESCRIPTION="*1Equipement"
					 ATTRIBUTE_INTERFACE="PROCESS"
					 ATTRIBUTE_FIELD="CHAINE_SNPB_"
					 REF_INTERFACE_TYPE_NAME="PROCESS"
					 SECTION_ORDERING_INDEX="1"
					 SW_VERSION="0"
					 TO_STRING_FORMAT=""
					 UNITS="None"
					 VALUE_AS_STRING="DYNA3"
					>
					</ATTR_TRAV_SECT>
					<ATTR_TRAV_SECT 
					 DESCRIPTION="*2Equipement"
					 ATTRIBUTE_INTERFACE="PROCESS"
					 ATTRIBUTE_FIELD="CHAINE_SNPB_"
					 REF_INTERFACE_TYPE_NAME="PROCESS"
					 SECTION_ORDERING_INDEX="2"
					 SW_VERSION="0"
					 TO_STRING_FORMAT=""
					 UNITS="None"
					 VALUE_AS_STRING="DYNATRON"
					>
					</ATTR_TRAV_SECT>
					<ATTR_TRAV_SECT 
					 DESCRIPTION="*1Programme"
					 ATTRIBUTE_INTERFACE="PROCESS"
					 ATTRIBUTE_FIELD="PROG_DYNATRON_"
					 REF_INTERFACE_TYPE_NAME="PROCESS"
					 SECTION_ORDERING_INDEX="3"
					 SW_VERSION="0"
					 TO_STRING_FORMAT=""
					 UNITS="None"
					 VALUE_AS_STRING="3"
					>
					</ATTR_TRAV_SECT>
					<ATTR_TRAV_SECT 
					 DESCRIPTION="*2Programme"
					 ATTRIBUTE_INTERFACE="PROCESS"
					 ATTRIBUTE_FIELD="PROG_DYNATRON_"
					 REF_INTERFACE_TYPE_NAME="PROCESS"
					 SECTION_ORDERING_INDEX="4"
					 SW_VERSION="0"
					 TO_STRING_FORMAT=""
					 UNITS="None"
					 VALUE_AS_STRING="3"
					>
					</ATTR_TRAV_SECT>
					<ATTR_TRAV_SECT 
					 DESCRIPTION="*1Surface FE (20.26 dm²)"
					 ATTRIBUTE_INTERFACE="COPPER_LAYER"
					 ATTRIBUTE_FIELD="COPPER_AREA_"
					 REF_INTERFACE_TYPE_NAME="COPPER_LAYER"
					 SECTION_ORDERING_INDEX="5"
					 SW_VERSION="0"
					 TO_STRING_FORMAT=""
					 UNITS="None"
					 VALUE_AS_STRING="20.26"
					>
					</ATTR_TRAV_SECT>
					<ATTR_TRAV_SECT 
					 DESCRIPTION="*2Surface FE (20.26 dm²)"
					 ATTRIBUTE_INTERFACE="COPPER_LAYER"
					 ATTRIBUTE_FIELD="COPPER_AREA_"
					 REF_INTERFACE_TYPE_NAME="COPPER_LAYER"
					 SECTION_ORDERING_INDEX="6"
					 SW_VERSION="0"
					 TO_STRING_FORMAT=""
					 UNITS="None"
					 VALUE_AS_STRING="20.26"
					>
					</ATTR_TRAV_SECT>
					<ATTR_TRAV_SECT 
					 DESCRIPTION="*1Surface FS (21.11 dm²)"
					 ATTRIBUTE_INTERFACE="COPPER_LAYER"
					 ATTRIBUTE_FIELD="COPPER_AREA_"
					 REF_INTERFACE_TYPE_NAME="COPPER_LAYER"
					 SECTION_ORDERING_INDEX="7"
					 SW_VERSION="0"
					 TO_STRING_FORMAT=""
					 UNITS="None"
					 VALUE_AS_STRING="21.11"
					>
					</ATTR_TRAV_SECT>
					<ATTR_TRAV_SECT 
					 DESCRIPTION="*2Surface FS (21.11 dm²)"
					 ATTRIBUTE_INTERFACE="COPPER_LAYER"
					 ATTRIBUTE_FIELD="COPPER_AREA_"
					 REF_INTERFACE_TYPE_NAME="COPPER_LAYER"
					 SECTION_ORDERING_INDEX="8"
					 SW_VERSION="0"
					 TO_STRING_FORMAT=""
					 UNITS="None"
					 VALUE_AS_STRING="21.11"
					>
					</ATTR_TRAV_SECT>
				</SECTION_ATTRIBUTES>
				</TRAV_SECT>
				<TRAV_SECT 
				 DESCRIPTION=""
				 MRP_SITE_NAME="Alcatel"
				 MRP_WORK_CENTER="Elvia Coutances"
				 MRP_OPERATION="410"
				 NUMBER_OF_BOARDS="N U L L"
				 RUN_TIME="0"
				 SETUP_TIME="0"
				 SW_VERSION="0"
				 TRAVELER_ORDERING_INDEX="6"
				 TYPE="MRP Step"
				 YIELD="0"
				 YIELD_MODIFIED="false"
				>
				<CALCULATED_COST_ELEMENTS>
				</CALCULATED_COST_ELEMENTS>
				<CALCULATED_TIME_ELEMENTS>
				</CALCULATED_TIME_ELEMENTS>
				<NOTES>
				</NOTES>
				<SECTION_ATTRIBUTES>
				</SECTION_ATTRIBUTES>
				</TRAV_SECT>
				<TRAV_SECT 
				 DESCRIPTION=""
				 MRP_SITE_NAME="Alcatel"
				 MRP_WORK_CENTER="Elvia Coutances"
				 MRP_OPERATION="450"
				 NUMBER_OF_BOARDS="N U L L"
				 RUN_TIME="0"
				 SETUP_TIME="0"
				 SW_VERSION="0"
				 TRAVELER_ORDERING_INDEX="7"
				 TYPE="MRP Step"
				 YIELD="0"
				 YIELD_MODIFIED="false"
				>
				<CALCULATED_COST_ELEMENTS>
				</CALCULATED_COST_ELEMENTS>
				<CALCULATED_TIME_ELEMENTS>
				</CALCULATED_TIME_ELEMENTS>
				<NOTES>
				</NOTES>
				<SECTION_ATTRIBUTES>
				</SECTION_ATTRIBUTES>
				</TRAV_SECT>
				<TRAV_SECT 
				 DESCRIPTION=""
				 MRP_SITE_NAME="Alcatel"
				 MRP_WORK_CENTER="Elvia Coutances"
				 MRP_OPERATION="530"
				 NUMBER_OF_BOARDS="N U L L"
				 RUN_TIME="0"
				 SETUP_TIME="0"
				 SW_VERSION="0"
				 TRAVELER_ORDERING_INDEX="8"
				 TYPE="MRP Step"
				 YIELD="0"
				 YIELD_MODIFIED="false"
				>
				<CALCULATED_COST_ELEMENTS>
				</CALCULATED_COST_ELEMENTS>
				<CALCULATED_TIME_ELEMENTS>
				</CALCULATED_TIME_ELEMENTS>
				<NOTES>
					<NOTE_TRAV_SECT 
					 NOTE_STRING="Type Encre = PROBIMER 77 HF"
					 SECTION_ORDERING_INDEX="1"
					 SW_VERSION="0"
					>
					</NOTE_TRAV_SECT>
					<NOTE_TRAV_SECT 
					 NOTE_STRING="Enduction Verticale (Sérigraphie à plat en Back Up)"
					 SECTION_ORDERING_INDEX="2"
					 SW_VERSION="0"
					>
					</NOTE_TRAV_SECT>
				</NOTES>
				<SECTION_ATTRIBUTES>
				</SECTION_ATTRIBUTES>
				</TRAV_SECT>
				<TRAV_SECT 
				 DESCRIPTION=""
				 MRP_SITE_NAME="Alcatel"
				 MRP_WORK_CENTER="Elvia Coutances"
				 MRP_OPERATION="580"
				 NUMBER_OF_BOARDS="N U L L"
				 RUN_TIME="0"
				 SETUP_TIME="0"
				 SW_VERSION="0"
				 TRAVELER_ORDERING_INDEX="9"
				 TYPE="MRP Step"
				 YIELD="0"
				 YIELD_MODIFIED="false"
				>
				<CALCULATED_COST_ELEMENTS>
				</CALCULATED_COST_ELEMENTS>
				<CALCULATED_TIME_ELEMENTS>
				</CALCULATED_TIME_ELEMENTS>
				<NOTES>
					<NOTE_TRAV_SECT 
					 NOTE_STRING="Insolateur Automatech ( Insolateurs Manuel et Cirgraphics en Backup )"
					 SECTION_ORDERING_INDEX="1"
					 SW_VERSION="0"
					>
					</NOTE_TRAV_SECT>
					<NOTE_TRAV_SECT 
					 NOTE_STRING="Ref Film FE : 21149038.VE0"
					 SECTION_ORDERING_INDEX="2"
					 SW_VERSION="0"
					>
					</NOTE_TRAV_SECT>
					<NOTE_TRAV_SECT 
					 NOTE_STRING="Ref Film FS : 21149038.VS0"
					 SECTION_ORDERING_INDEX="3"
					 SW_VERSION="0"
					>
					</NOTE_TRAV_SECT>
				</NOTES>
				<SECTION_ATTRIBUTES>
				</SECTION_ATTRIBUTES>
				</TRAV_SECT>
				<TRAV_SECT 
				 DESCRIPTION=""
				 MRP_SITE_NAME="Alcatel"
				 MRP_WORK_CENTER="Elvia Coutances"
				 MRP_OPERATION="703"
				 NUMBER_OF_BOARDS="N U L L"
				 RUN_TIME="0"
				 SETUP_TIME="0"
				 SW_VERSION="0"
				 TRAVELER_ORDERING_INDEX="10"
				 TYPE="MRP Step"
				 YIELD="0"
				 YIELD_MODIFIED="false"
				>
				<CALCULATED_COST_ELEMENTS>
				</CALCULATED_COST_ELEMENTS>
				<CALCULATED_TIME_ELEMENTS>
				</CALCULATED_TIME_ELEMENTS>
				<NOTES>
					<NOTE_TRAV_SECT 
					 NOTE_STRING="Paramètres Standards"
					 SECTION_ORDERING_INDEX="1"
					 SW_VERSION="0"
					>
					</NOTE_TRAV_SECT>
				</NOTES>
				<SECTION_ATTRIBUTES>
				</SECTION_ATTRIBUTES>
				</TRAV_SECT>
				<TRAV_SECT 
				 DESCRIPTION=""
				 MRP_SITE_NAME="Alcatel"
				 MRP_WORK_CENTER="Elvia Coutances"
				 MRP_OPERATION="800"
				 NUMBER_OF_BOARDS="N U L L"
				 RUN_TIME="0"
				 SETUP_TIME="0"
				 SW_VERSION="0"
				 TRAVELER_ORDERING_INDEX="11"
				 TYPE="MRP Step"
				 YIELD="0"
				 YIELD_MODIFIED="false"
				>
				<CALCULATED_COST_ELEMENTS>
				</CALCULATED_COST_ELEMENTS>
				<CALCULATED_TIME_ELEMENTS>
				</CALCULATED_TIME_ELEMENTS>
				<NOTES>
					<NOTE_TRAV_SECT 
					 NOTE_STRING="Programme : 21149038.SCO"
					 SECTION_ORDERING_INDEX="1"
					 SW_VERSION="0"
					>
					</NOTE_TRAV_SECT>
				</NOTES>
				<SECTION_ATTRIBUTES>
				</SECTION_ATTRIBUTES>
				</TRAV_SECT>
				<TRAV_SECT 
				 DESCRIPTION=""
				 MRP_SITE_NAME="Alcatel"
				 MRP_WORK_CENTER="Elvia Coutances"
				 MRP_OPERATION="810"
				 NUMBER_OF_BOARDS="N U L L"
				 RUN_TIME="0"
				 SETUP_TIME="0"
				 SW_VERSION="0"
				 TRAVELER_ORDERING_INDEX="12"
				 TYPE="MRP Step"
				 YIELD="0"
				 YIELD_MODIFIED="false"
				>
				<CALCULATED_COST_ELEMENTS>
				</CALCULATED_COST_ELEMENTS>
				<CALCULATED_TIME_ELEMENTS>
				</CALCULATED_TIME_ELEMENTS>
				<NOTES>
					<NOTE_TRAV_SECT 
					 NOTE_STRING="Programme : 21149038.DE0"
					 SECTION_ORDERING_INDEX="1"
					 SW_VERSION="0"
					>
					</NOTE_TRAV_SECT>
					<NOTE_TRAV_SECT 
					 NOTE_STRING="Programme paramètre : PARHTG.DET"
					 SECTION_ORDERING_INDEX="2"
					 SW_VERSION="0"
					>
					</NOTE_TRAV_SECT>
					<NOTE_TRAV_SECT 
					 NOTE_STRING="Ebauche / Paquet : 4"
					 SECTION_ORDERING_INDEX="3"
					 SW_VERSION="0"
					>
					</NOTE_TRAV_SECT>
					<NOTE_TRAV_SECT 
					 NOTE_STRING="Plan de détourage :21149038"
					 SECTION_ORDERING_INDEX="4"
					 SW_VERSION="0"
					>
					</NOTE_TRAV_SECT>
					<NOTE_TRAV_SECT 
					 NOTE_STRING="Face Détourage : FE"
					 SECTION_ORDERING_INDEX="5"
					 SW_VERSION="0"
					>
					</NOTE_TRAV_SECT>
					<NOTE_TRAV_SECT 
					 NOTE_STRING="Temps de cycle estimé = 6 min"
					 SECTION_ORDERING_INDEX="6"
					 SW_VERSION="0"
					>
					</NOTE_TRAV_SECT>
				</NOTES>
				<SECTION_ATTRIBUTES>
				</SECTION_ATTRIBUTES>
				</TRAV_SECT>
				<TRAV_SECT 
				 DESCRIPTION=""
				 MRP_SITE_NAME="Alcatel"
				 MRP_WORK_CENTER="Elvia Coutances"
				 MRP_OPERATION="9028"
				 NUMBER_OF_BOARDS="N U L L"
				 RUN_TIME="0"
				 SETUP_TIME="0"
				 SW_VERSION="0"
				 TRAVELER_ORDERING_INDEX="13"
				 TYPE="MRP Step"
				 YIELD="0"
				 YIELD_MODIFIED="false"
				>
				<CALCULATED_COST_ELEMENTS>
				</CALCULATED_COST_ELEMENTS>
				<CALCULATED_TIME_ELEMENTS>
				</CALCULATED_TIME_ELEMENTS>
				<NOTES>
				</NOTES>
				<SECTION_ATTRIBUTES>
				</SECTION_ATTRIBUTES>
				</TRAV_SECT>
				<TRAV_SECT 
				 DESCRIPTION=""
				 MRP_SITE_NAME="Alcatel"
				 MRP_WORK_CENTER="Elvia Coutances"
				 MRP_OPERATION="850"
				 NUMBER_OF_BOARDS="N U L L"
				 RUN_TIME="0"
				 SETUP_TIME="0"
				 SW_VERSION="0"
				 TRAVELER_ORDERING_INDEX="14"
				 TYPE="MRP Step"
				 YIELD="0"
				 YIELD_MODIFIED="false"
				>
				<CALCULATED_COST_ELEMENTS>
				</CALCULATED_COST_ELEMENTS>
				<CALCULATED_TIME_ELEMENTS>
				</CALCULATED_TIME_ELEMENTS>
				<NOTES>
					<NOTE_TRAV_SECT 
					 NOTE_STRING="Voir la GAMME FINALE"
					 SECTION_ORDERING_INDEX="1"
					 SW_VERSION="0"
					>
					</NOTE_TRAV_SECT>
					<NOTE_TRAV_SECT 
					 NOTE_STRING="TEST ELECTRIQUE"
					 SECTION_ORDERING_INDEX="2"
					 SW_VERSION="0"
					>
					</NOTE_TRAV_SECT>
					<NOTE_TRAV_SECT 
					 NOTE_STRING="CONTROLE CLIENT"
					 SECTION_ORDERING_INDEX="3"
					 SW_VERSION="0"
					>
					</NOTE_TRAV_SECT>
					<NOTE_TRAV_SECT 
					 NOTE_STRING="EMBALLAGE"
					 SECTION_ORDERING_INDEX="4"
					 SW_VERSION="0"
					>
					</NOTE_TRAV_SECT>
				</NOTES>
				<SECTION_ATTRIBUTES>
				</SECTION_ATTRIBUTES>
				</TRAV_SECT>
			</SECTIONS>
			<RELEASE
			 RELEASE_STATUS="Not Released"
			>
			</RELEASE>
			</TRAVELER>
			<BOM_TOOL NAME="Final Assembly - 1/2-Bom"
			 FLOW_NAME="(NO FLOW)"
			 CREATE_METHOD="By Default Flow"
			 MRP_NAME=""
			 MRP_REVISION=""
			 MRP_REV_DESCRIPTION=""
			 REF_PROG_EXISTANT_=""
			 TOOL_STEP_TYPE="Panel"
			 TOOL_TYPE="BOM"
			 COST="0"
			 SW_VERSION="0"
			>
			<APPROVALS>
			</APPROVALS>
			<CALCULATED_COST_ELEMENTS>
			</CALCULATED_COST_ELEMENTS>
			<CALCULATED_TIME_ELEMENTS>
			</CALCULATED_TIME_ELEMENTS>
			<COPPER_LAYERS>
			</COPPER_LAYERS>
			<DRILL_PROGRAMS>
			</DRILL_PROGRAMS>
			<MASK_LAYERS>
			</MASK_LAYERS>
			<ROUT_PROGRAMS>
			</ROUT_PROGRAMS>
			<COMPONENTS>
			</COMPONENTS>
			<RELEASE
			 RELEASE_STATUS="Not Released"
			>
			</RELEASE>
			</BOM_TOOL>
			<COPPER_ARTWORK NAME="21149038.FE0"
			 FLOW_NAME="(NO FLOW)"
			 CREATE_METHOD="By Default Flow"
			 MRP_NAME=""
			 MRP_REVISION=""
			 MRP_REV_DESCRIPTION=""
			 REF_PROG_EXISTANT_=""
			 TOOL_STEP_TYPE="Panel"
			 TOOL_TYPE="Copper"
			 FLIP="None"
			 POLARITY="true"
			 ROTATION="0"
			 SCALE_X="1"
			 SCALE_Y="1"
			 SHIFT_X="0"
			 SHIFT_Y="0"
			 SW_VERSION="0"
			>
			<APPROVALS>
			</APPROVALS>
			<CALCULATED_COST_ELEMENTS>
			</CALCULATED_COST_ELEMENTS>
			<CALCULATED_TIME_ELEMENTS>
			</CALCULATED_TIME_ELEMENTS>
			<COPPER_LAYERS>
				<REF
				 NAME="fe"
				/>
			</COPPER_LAYERS>
			<DRILL_PROGRAMS>
			</DRILL_PROGRAMS>
			<MASK_LAYERS>
			</MASK_LAYERS>
			<ROUT_PROGRAMS>
			</ROUT_PROGRAMS>
			<RELEASE
			 RELEASE_STATUS="Not Released"
			>
			</RELEASE>
			</COPPER_ARTWORK>
			<COPPER_ARTWORK NAME="21149038.FS0"
			 FLOW_NAME="(NO FLOW)"
			 CREATE_METHOD="By Default Flow"
			 MRP_NAME=""
			 MRP_REVISION=""
			 MRP_REV_DESCRIPTION=""
			 REF_PROG_EXISTANT_=""
			 TOOL_STEP_TYPE="Panel"
			 TOOL_TYPE="Copper"
			 FLIP="None"
			 POLARITY="true"
			 ROTATION="0"
			 SCALE_X="1"
			 SCALE_Y="1"
			 SHIFT_X="0"
			 SHIFT_Y="0"
			 SW_VERSION="0"
			>
			<APPROVALS>
			</APPROVALS>
			<CALCULATED_COST_ELEMENTS>
			</CALCULATED_COST_ELEMENTS>
			<CALCULATED_TIME_ELEMENTS>
			</CALCULATED_TIME_ELEMENTS>
			<COPPER_LAYERS>
				<REF
				 NAME="fs"
				/>
			</COPPER_LAYERS>
			<DRILL_PROGRAMS>
			</DRILL_PROGRAMS>
			<MASK_LAYERS>
			</MASK_LAYERS>
			<ROUT_PROGRAMS>
			</ROUT_PROGRAMS>
			<RELEASE
			 RELEASE_STATUS="Not Released"
			>
			</RELEASE>
			</COPPER_ARTWORK>
			<MASK_ARTWORK NAME="21149038.VE0"
			 FLOW_NAME="(NO FLOW)"
			 CREATE_METHOD="By Default Flow"
			 MRP_NAME=""
			 MRP_REVISION=""
			 MRP_REV_DESCRIPTION=""
			 REF_PROG_EXISTANT_=""
			 TOOL_STEP_TYPE="Panel"
			 TOOL_TYPE="Solder Mask"
			 FLIP="None"
			 IS_PLUG="false"
			 MASK_TYPE="Solder Mask"
			 PEELABLE="false"
			 POLARITY="true"
			 ROTATION="0"
			 SCALE_X="1"
			 SCALE_Y="1"
			 SHIFT_X="0"
			 SHIFT_Y="0"
			 SW_VERSION="0"
			>
			<APPROVALS>
			</APPROVALS>
			<CALCULATED_COST_ELEMENTS>
			</CALCULATED_COST_ELEMENTS>
			<CALCULATED_TIME_ELEMENTS>
			</CALCULATED_TIME_ELEMENTS>
			<COPPER_LAYERS>
			</COPPER_LAYERS>
			<DRILL_PROGRAMS>
			</DRILL_PROGRAMS>
			<MASK_LAYERS>
				<REF
				 NAME="ve"
				/>
			</MASK_LAYERS>
			<ROUT_PROGRAMS>
			</ROUT_PROGRAMS>
			<RELEASE
			 RELEASE_STATUS="Not Released"
			>
			</RELEASE>
			</MASK_ARTWORK>
			<MASK_ARTWORK NAME="21149038.VS0"
			 FLOW_NAME="(NO FLOW)"
			 CREATE_METHOD="By Default Flow"
			 MRP_NAME=""
			 MRP_REVISION=""
			 MRP_REV_DESCRIPTION=""
			 REF_PROG_EXISTANT_=""
			 TOOL_STEP_TYPE="Panel"
			 TOOL_TYPE="Solder Mask"
			 FLIP="None"
			 IS_PLUG="false"
			 MASK_TYPE="Solder Mask"
			 PEELABLE="false"
			 POLARITY="true"
			 ROTATION="0"
			 SCALE_X="1"
			 SCALE_Y="1"
			 SHIFT_X="0"
			 SHIFT_Y="0"
			 SW_VERSION="0"
			>
			<APPROVALS>
			</APPROVALS>
			<CALCULATED_COST_ELEMENTS>
			</CALCULATED_COST_ELEMENTS>
			<CALCULATED_TIME_ELEMENTS>
			</CALCULATED_TIME_ELEMENTS>
			<COPPER_LAYERS>
			</COPPER_LAYERS>
			<DRILL_PROGRAMS>
			</DRILL_PROGRAMS>
			<MASK_LAYERS>
				<REF
				 NAME="vs"
				/>
			</MASK_LAYERS>
			<ROUT_PROGRAMS>
			</ROUT_PROGRAMS>
			<RELEASE
			 RELEASE_STATUS="Not Released"
			>
			</RELEASE>
			</MASK_ARTWORK>
			<DRILL_TOOL NAME="21149038.PC0"
			 FLOW_NAME="(NO FLOW)"
			 CREATE_METHOD="By Default Flow"
			 MRP_NAME=""
			 MRP_REVISION=""
			 MRP_REV_DESCRIPTION=""
			 REF_PROG_EXISTANT_=""
			 TOOL_STEP_TYPE="Panel"
			 TOOL_TYPE="Drill"
			 ASPECT_RATIO="5.7667"
			 DRILL_TECHNOLOGY="Mechanical"
			 DRILL_TYPE="Through Hole"
			 EB_PAQUET_="1"
			 IS_DRILL_MAP="false"
			 IS_PUNCH="false"
			 PANEL_STACK_COUNT="1"
			 PARAM_PERCAGE_="HTG3202.xxx"
			 PLATE_TYPE="PTH"
			 SECONDARY_STAGE="0"
			 SPECIF_PARAMETER_="false"
			 SW_VERSION="0"
			>
			<APPROVALS>
			</APPROVALS>
			<CALCULATED_COST_ELEMENTS>
			</CALCULATED_COST_ELEMENTS>
			<CALCULATED_TIME_ELEMENTS>
			</CALCULATED_TIME_ELEMENTS>
			<COPPER_LAYERS>
			</COPPER_LAYERS>
			<DRILL_PROGRAMS>
				<REF
				 NAME="drillm"
				/>
			</DRILL_PROGRAMS>
			<MASK_LAYERS>
			</MASK_LAYERS>
			<ROUT_PROGRAMS>
			</ROUT_PROGRAMS>
			<TOOLED_BITS>
			</TOOLED_BITS>
			<TOOLED_HOLES>
			</TOOLED_HOLES>
			<RELEASE
			 RELEASE_STATUS="Not Released"
			>
			</RELEASE>
			</DRILL_TOOL>
			<ROUT_TOOL NAME="21149038.DE0"
			 FLOW_NAME="(NO FLOW)"
			 CREATE_METHOD="By Default Flow"
			 MRP_NAME=""
			 MRP_REVISION=""
			 MRP_REV_DESCRIPTION=""
			 REF_PROG_EXISTANT_=""
			 TOOL_STEP_TYPE="Panel"
			 TOOL_TYPE="Rout"
			 DIAMETRE_FRAISE_="2.40"
			 FACE_DET_="FE"
			 LONG_DET_="243740.1575"
			 NB_EB_DET_="4"
			 SW_VERSION="0"
			>
			<APPROVALS>
			</APPROVALS>
			<CALCULATED_COST_ELEMENTS>
			</CALCULATED_COST_ELEMENTS>
			<CALCULATED_TIME_ELEMENTS>
			</CALCULATED_TIME_ELEMENTS>
			<COPPER_LAYERS>
			</COPPER_LAYERS>
			<DRILL_PROGRAMS>
			</DRILL_PROGRAMS>
			<MASK_LAYERS>
			</MASK_LAYERS>
			<ROUT_PROGRAMS>
				<REF
				 NAME="rout"
				/>
			</ROUT_PROGRAMS>
			<RELEASE
			 RELEASE_STATUS="Not Released"
			>
			</RELEASE>
			</ROUT_TOOL>
			<SCORE_TOOL NAME="21149038.SCO"
			 FLOW_NAME="(NO FLOW)"
			 CREATE_METHOD="By Default Flow"
			 MRP_NAME=""
			 MRP_REVISION=""
			 MRP_REV_DESCRIPTION=""
			 REF_PROG_EXISTANT_=""
			 TOOL_STEP_TYPE="Panel"
			 TOOL_TYPE="Score"
			 SW_VERSION="0"
			>
			<APPROVALS>
			</APPROVALS>
			<CALCULATED_COST_ELEMENTS>
			</CALCULATED_COST_ELEMENTS>
			<CALCULATED_TIME_ELEMENTS>
			</CALCULATED_TIME_ELEMENTS>
			<COPPER_LAYERS>
			</COPPER_LAYERS>
			<DRILL_PROGRAMS>
			</DRILL_PROGRAMS>
			<MASK_LAYERS>
			</MASK_LAYERS>
			<ROUT_PROGRAMS>
			</ROUT_PROGRAMS>
			<RELEASE
			 RELEASE_STATUS="Not Released"
			>
			</RELEASE>
			</SCORE_TOOL>
		</TOOLS>
		<RELEASE
		 RELEASE_STATUS="Not Released"
		>
		</RELEASE>
		</PROCESS>
		<PROCESS NAME="TEST"
		 BLIND_VIA_="false"
		 BURIED_VIA_="false"
		 CHAINE_SNPB_="A Déterminer"
		 CLASSE_MAXI_="0"
		 CUIVRE_TECHNO_="Pattern"
		 DIRECT_IMAGING_="false"
		 EMPILAGE_=""
		 EP_="0"
		 EP_CIRCUITE_="0"
		 GAMME_MERE_="Standard (S5)"
		 GRAVURE_CORE_="false"
		 METHODE_CU_CARRIER_="false"
		 MICRO_VIA_="false"
		 MRP_NAME=""
		 MRP_REVISION="1"
		 MRP_REV_DESCRIPTION=""
		 NB_COUCHES_="0"
		 NUMBER_OF_BOARDS="N U L L"
		 PROC_DESCRIPTION=""
		 PROC_ISMAIN="false"
		 PROC_SUBTYPE="ET Fixture"
		 PROC_TYPE="Inspection"
		 PROG_DYNAPLUS_="A Déterminer"
		 PROG_DYNATRON_="A Déterminer"
		 PROG_STRATIF_=""
		 REGISTRATION_="Aucune"
		 SITE_NAME="Alcatel"
		 TECHNO_EMPILAGE_="Core"
		 YIELD="0"
		 YIELD_MODIFIED="false"
		>
		<APPROVALS>
		</APPROVALS>
		<CALCULATED_COST_ELEMENTS>
		</CALCULATED_COST_ELEMENTS>
		<CALCULATED_TIME_ELEMENTS>
		</CALCULATED_TIME_ELEMENTS>
		<COPPER_LAYERS>
		</COPPER_LAYERS>
		<DRILL_LAYERS>
		</DRILL_LAYERS>
		<MASK_LAYERS>
		</MASK_LAYERS>
		<PROCESSES>
		</PROCESSES>
		<ROUT_LAYERS>
		</ROUT_LAYERS>
		<STACKUP_SEGS>
		</STACKUP_SEGS>
		<TOOLS>
			<TRAVELER NAME="TEST-Traveler"
			 FLOW_NAME="(NO FLOW)"
			 CREATE_METHOD="By Default Flow"
			 MRP_NAME=""
			 MRP_REVISION=""
			 MRP_REV_DESCRIPTION=""
			 REF_PROG_EXISTANT_=""
			 TOOL_STEP_TYPE="Panel"
			 TOOL_TYPE="Traveler"
			 MANUALLY_EDITED="No"
			 SW_VERSION="0"
			>
			<APPROVALS>
			</APPROVALS>
			<CALCULATED_COST_ELEMENTS>
			</CALCULATED_COST_ELEMENTS>
			<CALCULATED_TIME_ELEMENTS>
			</CALCULATED_TIME_ELEMENTS>
			<COPPER_LAYERS>
			</COPPER_LAYERS>
			<DRILL_PROGRAMS>
			</DRILL_PROGRAMS>
			<MASK_LAYERS>
			</MASK_LAYERS>
			<ROUT_PROGRAMS>
			</ROUT_PROGRAMS>
			<SECTIONS>
				<TRAV_SECT 
				 DESCRIPTION=""
				 MRP_SITE_NAME="Alcatel"
				 MRP_WORK_CENTER="Elvia Coutances"
				 MRP_OPERATION="9029"
				 NUMBER_OF_BOARDS="N U L L"
				 RUN_TIME="0"
				 SETUP_TIME="0"
				 SW_VERSION="0"
				 TRAVELER_ORDERING_INDEX="1"
				 TYPE="MRP Step"
				 YIELD="0"
				 YIELD_MODIFIED="false"
				>
				<CALCULATED_COST_ELEMENTS>
				</CALCULATED_COST_ELEMENTS>
				<CALCULATED_TIME_ELEMENTS>
				</CALCULATED_TIME_ELEMENTS>
				<NOTES>
					<NOTE_TRAV_SECT 
					 NOTE_STRING="Ci testé par : 10"
					 SECTION_ORDERING_INDEX="1"
					 SW_VERSION="0"
					>
					</NOTE_TRAV_SECT>
				</NOTES>
				<SECTION_ATTRIBUTES>
				</SECTION_ATTRIBUTES>
				</TRAV_SECT>
				<TRAV_SECT 
				 DESCRIPTION=""
				 MRP_SITE_NAME="Alcatel"
				 MRP_WORK_CENTER="Elvia Coutances"
				 MRP_OPERATION="9030"
				 NUMBER_OF_BOARDS="N U L L"
				 RUN_TIME="0"
				 SETUP_TIME="0"
				 SW_VERSION="0"
				 TRAVELER_ORDERING_INDEX="2"
				 TYPE="MRP Step"
				 YIELD="0"
				 YIELD_MODIFIED="false"
				>
				<CALCULATED_COST_ELEMENTS>
				</CALCULATED_COST_ELEMENTS>
				<CALCULATED_TIME_ELEMENTS>
				</CALCULATED_TIME_ELEMENTS>
				<NOTES>
					<NOTE_TRAV_SECT 
					 NOTE_STRING="Selon fiche client et procédures"
					 SECTION_ORDERING_INDEX="1"
					 SW_VERSION="0"
					>
					</NOTE_TRAV_SECT>
					<NOTE_TRAV_SECT 
					 NOTE_STRING="Visuel 100%"
					 SECTION_ORDERING_INDEX="2"
					 SW_VERSION="0"
					>
					</NOTE_TRAV_SECT>
				</NOTES>
				<SECTION_ATTRIBUTES>
				</SECTION_ATTRIBUTES>
				</TRAV_SECT>
				<TRAV_SECT 
				 DESCRIPTION=""
				 MRP_SITE_NAME="Alcatel"
				 MRP_WORK_CENTER="Elvia Coutances"
				 MRP_OPERATION="880"
				 NUMBER_OF_BOARDS="N U L L"
				 RUN_TIME="0"
				 SETUP_TIME="0"
				 SW_VERSION="0"
				 TRAVELER_ORDERING_INDEX="3"
				 TYPE="MRP Step"
				 YIELD="0"
				 YIELD_MODIFIED="false"
				>
				<CALCULATED_COST_ELEMENTS>
				</CALCULATED_COST_ELEMENTS>
				<CALCULATED_TIME_ELEMENTS>
				</CALCULATED_TIME_ELEMENTS>
				<NOTES>
					<NOTE_TRAV_SECT 
					 NOTE_STRING="Selon fiche client et procédures"
					 SECTION_ORDERING_INDEX="1"
					 SW_VERSION="0"
					>
					</NOTE_TRAV_SECT>
				</NOTES>
				<SECTION_ATTRIBUTES>
				</SECTION_ATTRIBUTES>
				</TRAV_SECT>
			</SECTIONS>
			<RELEASE
			 RELEASE_STATUS="Not Released"
			>
			</RELEASE>
			</TRAVELER>
			<BOM_TOOL NAME="TEST-Bom"
			 FLOW_NAME="(NO FLOW)"
			 CREATE_METHOD="By Default Flow"
			 MRP_NAME=""
			 MRP_REVISION=""
			 MRP_REV_DESCRIPTION=""
			 REF_PROG_EXISTANT_=""
			 TOOL_STEP_TYPE="Panel"
			 TOOL_TYPE="BOM"
			 COST="0"
			 SW_VERSION="0"
			>
			<APPROVALS>
			</APPROVALS>
			<CALCULATED_COST_ELEMENTS>
			</CALCULATED_COST_ELEMENTS>
			<CALCULATED_TIME_ELEMENTS>
			</CALCULATED_TIME_ELEMENTS>
			<COPPER_LAYERS>
			</COPPER_LAYERS>
			<DRILL_PROGRAMS>
			</DRILL_PROGRAMS>
			<MASK_LAYERS>
			</MASK_LAYERS>
			<ROUT_PROGRAMS>
			</ROUT_PROGRAMS>
			<COMPONENTS>
			</COMPONENTS>
			<RELEASE
			 RELEASE_STATUS="Not Released"
			>
			</RELEASE>
			</BOM_TOOL>
			<ET_TOOL NAME="21149038.TEST"
			 FLOW_NAME="(NO FLOW)"
			 CREATE_METHOD="By Default Flow"
			 MRP_NAME=""
			 MRP_REVISION=""
			 MRP_REV_DESCRIPTION=""
			 REF_PROG_EXISTANT_=""
			 TOOL_STEP_TYPE="Panel"
			 TOOL_TYPE="Electrical Test"
			 CHOIX_DU_TEST_="A Déterminer"
			 DIAM_MINI_POINTE_OUT1_="0"
			 DIAM_MINI_POINTE_OUT2_="0"
			 MATRICE_N1_="Aucun"
			 MATRICE_N2_="Aucun"
			 SW_VERSION="0"
			>
			<APPROVALS>
			</APPROVALS>
			<CALCULATED_COST_ELEMENTS>
			</CALCULATED_COST_ELEMENTS>
			<CALCULATED_TIME_ELEMENTS>
			</CALCULATED_TIME_ELEMENTS>
			<COPPER_LAYERS>
			</COPPER_LAYERS>
			<DRILL_PROGRAMS>
			</DRILL_PROGRAMS>
			<MASK_LAYERS>
			</MASK_LAYERS>
			<ROUT_PROGRAMS>
			</ROUT_PROGRAMS>
			<RELEASE
			 RELEASE_STATUS="Not Released"
			>
			</RELEASE>
			</ET_TOOL>
		</TOOLS>
		<RELEASE
		 RELEASE_STATUS="Not Released"
		>
		</RELEASE>
		</PROCESS>
	</ALL_PROCESSES>
	<APPROVALS>
	</APPROVALS>
	<COPPER_LAYERS>
		<COPPER_LAYER NAME="fe"
		 AW_AR_MIN_="0"
		 AW_LP_MIN_="0"
		 AW_LW_MIN_="14.01574803"
		 AW_LW_NOM_="14.01574803"
		 AW_PP_MIN_="0"
		 AW_SP_MIN_="7.874015748"
		 AW_SP_NOM_="10.98425197"
		 CLASSE_="5"
		 COPPER_AREA_="314030000"
		 COPPER_AREA_DYNA3_V_="0"
		 COPPER_AREA_DYNAPLUS_V_="0"
		 COPPER_AREA_DYNATRON_V_="0"
		 COPPER_AREA_EXPOSED_="60140000"
		 COPPER_LOSS="0"
		 COPPER_TYPE="Signal"
		 COPPER_USAGE="65"
		 FIN_SP_MIN_="8.503937008"
		 FIN_SP_NOM_="10.78740157"
		 IMAGE="N U L L"
		 IMP_CONTROLLED_="false"
		 LAYER_BOARD="1"
		 LAYER_INDEX="1"
		 LAYER_ORIENTATION="1"
		 LAYER_POLARITY="true"
		 LAYER_POSITION="Component Side"
		 ODB_LAYER_NAME="fe"
		 REQUIRED_CU_WEIGHT="28.3495"
		 SURF_DYNAPLUS_APPLIQUEE_="314030000"
		>
		<APPROVALS>
		</APPROVALS>
		<MASK_LAYER>
			<REF
			 NAME="ve"
			/>
		</MASK_LAYER>
		</COPPER_LAYER>
		<COPPER_LAYER NAME="fs"
		 AW_AR_MIN_="0"
		 AW_LP_MIN_="0"
		 AW_LW_MIN_="15.98425197"
		 AW_LW_NOM_="0"
		 AW_PP_MIN_="0"
		 AW_SP_MIN_="9.37007874"
		 AW_SP_NOM_="11.88976378"
		 CLASSE_="5"
		 COPPER_AREA_="327205015.5"
		 COPPER_AREA_DYNA3_V_="0"
		 COPPER_AREA_DYNAPLUS_V_="0"
		 COPPER_AREA_DYNATRON_V_="0"
		 COPPER_AREA_EXPOSED_="32705000"
		 COPPER_LOSS="0"
		 COPPER_TYPE="Signal"
		 COPPER_USAGE="73"
		 FIN_SP_MIN_="0"
		 FIN_SP_NOM_="0"
		 IMAGE="N U L L"
		 IMP_CONTROLLED_="false"
		 LAYER_BOARD="1"
		 LAYER_INDEX="2"
		 LAYER_ORIENTATION="0"
		 LAYER_POLARITY="true"
		 LAYER_POSITION="Print Side"
		 ODB_LAYER_NAME="fs"
		 REQUIRED_CU_WEIGHT="28.3495"
		 SURF_DYNAPLUS_APPLIQUEE_="327205015.5"
		>
		<APPROVALS>
		</APPROVALS>
		<MASK_LAYER>
			<REF
			 NAME="vs"
			/>
		</MASK_LAYER>
		</COPPER_LAYER>
	</COPPER_LAYERS>
	<COUPONS>
	</COUPONS>
	<DRILL_PROGRAMS>
		<DRILL_PROGRAM NAME="drillm"
		 BIT_DIRECTION="Top to bottom"
		 COPPER_PLATING_THICKNESS="1.181102362"
		 DIAM_MINI_="11.81102362"
		 DRILL_DEPTH="65.7480315"
		 DRILL_TECHNOLOGY="Mechanical"
		 DRILL_TYPE="Through Hole"
		 END_INDEX="2"
		 IMAGE="N U L L"
		 LAYER_BOARD="1"
		 LAYER_ORIENTATION="1"
		 LAYER_POLARITY="true"
		 MAX_FINISHED_ASPECT_RATIO="0"
		 M_DIMPLE_AUTORISE_="false"
		 M_PROFONDEUR_="0"
		 M_TOL_PROFONDEUR__="0"
		 M_VIA_FILL_="false"
		 NB_OUTILS_="11"
		 NB_TROUS_EB_="18011"
		 ODB_LAYER_NAME="drillm"
		 PLATE_METHOD="Standard"
		 PLATING_TYPE="PTH"
		 START_INDEX="1"
		>
		<APPROVALS>
		</APPROVALS>
		<HOLES>
			<DRILL_HOLE NAME=""
			 ACTUAL_DRILL_SIZE="0"
			 ACTUAL_FINAL_SIZE="0"
			 CAM_ANNULAR_RING="0"
			 CAM_DRILL_SIZE="11.811"
			 CAM_SPACING="0"
			 DRILL_DEPTH="65.7480315"
			 DRILL_PROGRAM_ORDERING_INDEX="1"
			 END_INDEX="2"
			 FINISHED_LENGTH="0"
			 FINISHED_LENGTH_TOL_MINUS="0"
			 FINISHED_LENGTH_TOL_PLUS="0"
			 FINISHED_SIZE="11.811"
			 FINISHED_SIZE_TOL_MINUS="0"
			 FINISHED_SIZE_TOL_PLUS="0"
			 HOLE_INDEX="1"
			 LENGTH="0"
			 MINIMAL_MFG_SPACING="0"
			 MIN_HOLE_ANNULAR_RING="0"
			 PAD_SIZE="0"
			 PANEL_COUNT="1920"
			 PCB_COUNT="1920"
			 PLATE_THICKNESS="0"
			 PRE_PLATE_SIZE="0"
			 SPACING="0"
			 SW_VERSION="0"
			 TYPE="Via"
			>
			</DRILL_HOLE>
			<DRILL_HOLE NAME=""
			 ACTUAL_DRILL_SIZE="0"
			 ACTUAL_FINAL_SIZE="0"
			 CAM_ANNULAR_RING="0"
			 CAM_DRILL_SIZE="19.685"
			 CAM_SPACING="0"
			 DRILL_DEPTH="65.7480315"
			 DRILL_PROGRAM_ORDERING_INDEX="2"
			 END_INDEX="2"
			 FINISHED_LENGTH="0"
			 FINISHED_LENGTH_TOL_MINUS="0"
			 FINISHED_LENGTH_TOL_PLUS="0"
			 FINISHED_SIZE="19.685"
			 FINISHED_SIZE_TOL_MINUS="0"
			 FINISHED_SIZE_TOL_PLUS="0"
			 HOLE_INDEX="2"
			 LENGTH="0"
			 MINIMAL_MFG_SPACING="0"
			 MIN_HOLE_ANNULAR_RING="0"
			 PAD_SIZE="0"
			 PANEL_COUNT="80"
			 PCB_COUNT="80"
			 PLATE_THICKNESS="0"
			 PRE_PLATE_SIZE="0"
			 SPACING="0"
			 SW_VERSION="0"
			 TYPE="PTH"
			>
			</DRILL_HOLE>
			<DRILL_HOLE NAME=""
			 ACTUAL_DRILL_SIZE="0"
			 ACTUAL_FINAL_SIZE="0"
			 CAM_ANNULAR_RING="0"
			 CAM_DRILL_SIZE="33.858"
			 CAM_SPACING="0"
			 DRILL_DEPTH="65.7480315"
			 DRILL_PROGRAM_ORDERING_INDEX="3"
			 END_INDEX="2"
			 FINISHED_LENGTH="0"
			 FINISHED_LENGTH_TOL_MINUS="0"
			 FINISHED_LENGTH_TOL_PLUS="0"
			 FINISHED_SIZE="27.559"
			 FINISHED_SIZE_TOL_MINUS="1.969"
			 FINISHED_SIZE_TOL_PLUS="3.937"
			 HOLE_INDEX="3"
			 LENGTH="0"
			 MINIMAL_MFG_SPACING="0"
			 MIN_HOLE_ANNULAR_RING="0"
			 PAD_SIZE="0"
			 PANEL_COUNT="360"
			 PCB_COUNT="360"
			 PLATE_THICKNESS="0"
			 PRE_PLATE_SIZE="0"
			 SPACING="0"
			 SW_VERSION="0"
			 TYPE="PTH"
			>
			</DRILL_HOLE>
			<DRILL_HOLE NAME=""
			 ACTUAL_DRILL_SIZE="0"
			 ACTUAL_FINAL_SIZE="0"
			 CAM_ANNULAR_RING="0"
			 CAM_DRILL_SIZE="45.276"
			 CAM_SPACING="0"
			 DRILL_DEPTH="65.7480315"
			 DRILL_PROGRAM_ORDERING_INDEX="4"
			 END_INDEX="2"
			 FINISHED_LENGTH="0"
			 FINISHED_LENGTH_TOL_MINUS="0"
			 FINISHED_LENGTH_TOL_PLUS="0"
			 FINISHED_SIZE="39.37"
			 FINISHED_SIZE_TOL_MINUS="1.969"
			 FINISHED_SIZE_TOL_PLUS="3.937"
			 HOLE_INDEX="4"
			 LENGTH="0"
			 MINIMAL_MFG_SPACING="0"
			 MIN_HOLE_ANNULAR_RING="0"
			 PAD_SIZE="0"
			 PANEL_COUNT="160"
			 PCB_COUNT="160"
			 PLATE_THICKNESS="0"
			 PRE_PLATE_SIZE="0"
			 SPACING="0"
			 SW_VERSION="0"
			 TYPE="PTH"
			>
			</DRILL_HOLE>
		</HOLES>
		</DRILL_PROGRAM>
	</DRILL_PROGRAMS>
	<MASK_LAYERS>
		<MASK_LAYER NAME="ve"
		 ATTACHED_TO="Copper Layer"
		 DIST_CMS_="0"
		 IMAGE="N U L L"
		 LAYER_BOARD="1"
		 LAYER_ORIENTATION="1"
		 LAYER_POLARITY="true"
		 MASK_ORDER="1"
		 MASK_TYPE="Solder Mask"
		 ODB_LAYER_NAME="ve"
		 PLATE_THICKNESS="0"
		 TRAITS_VE_="15.7480315"
		>
		<APPROVALS>
		</APPROVALS>
		</MASK_LAYER>
		<MASK_LAYER NAME="vs"
		 ATTACHED_TO="Copper Layer"
		 DIST_CMS_="0"
		 IMAGE="N U L L"
		 LAYER_BOARD="1"
		 LAYER_ORIENTATION="1"
		 LAYER_POLARITY="true"
		 MASK_ORDER="1"
		 MASK_TYPE="Solder Mask"
		 ODB_LAYER_NAME="vs"
		 PLATE_THICKNESS="0"
		 TRAITS_VE_="15.7480315"
		>
		<APPROVALS>
		</APPROVALS>
		</MASK_LAYER>
	</MASK_LAYERS>
	<PARTS>
		<PART NAME="AC496676A0LF"
		 ARRAY_SIZE_X="0"
		 ARRAY_SIZE_Y="0"
		 CUST_REV_NAME="AC496676 TPVG6 P108376LF A"
		 DATUM_POINT_X="0"
		 DATUM_POINT_Y="0"
		 DELIVERABLE_TYPE="PCB"
		 GOLD_SIDE=""
		 JOB_ORDERING_INDEX="1"
		 LARGEUR_FORMAT_="5787.401575"
		 LONGUEUR_FORMAT_="9055.11811"
		 NUM_PCBS_IN_ARRAY="10"
		 ODB_ARRAY_STEP_NAME=""
		 ODB_CHECK_LIST_NAME="analyse"
		 ODB_PCB_STEP_NAME="pcb"
		 OEM=""
		 OUTLINE_SHAPE="ODB Profile"
		 PCB_ORIGIN_X="0"
		 PCB_ORIGIN_Y="0"
		 PCB_SIZE_X="1811.023622"
		 PCB_SIZE_Y="2598.425197"
		 PLAN_CI_UNITAIRE_="AC496676A"
		 PLAN_MISE_EN_FORMAT_="P108376/A"
		 QUANTITY="470"
		 SW_VERSION="0"
		>
		<SHAPE_DETAILS>
		</SHAPE_DETAILS>
		</PART>
	</PARTS>
	<ROUT_PROGRAMS>
		<ROUT_PROGRAM NAME="rout"
		 BIT_DIRECTION="Top to bottom"
		 END_INDEX="2"
		 IMAGE="N U L L"
		 LAYER_BOARD="1"
		 LAYER_POLARITY="true"
		 ODB_LAYER_NAME="rout"
		 ROUT_PLATING="Plated"
		 ROUT_TECHNOLOGY="Mechanical"
		 START_INDEX="1"
		>
		<APPROVALS>
		</APPROVALS>
		</ROUT_PROGRAM>
	</ROUT_PROGRAMS>
	<SNAP_NOTES>
	</SNAP_NOTES>
	<SPECS>
		<JOB_SPEC 
		 JOB_ORDERING_INDEX="1"
		 SPEC_NAME="ACTCOLE"
		 SW_VERSION="0"
		>
		</JOB_SPEC>
	</SPECS>
	<RELEASE
	 RELEASE_STATUS="Not Released"
	>
	</RELEASE>
	</JOB>
</interfacelist>
</document>
